<metadata xml:lang="en"><Esri><CreaDate>20181003</CreaDate><CreaTime>16441700</CreaTime><ArcGISFormat>1.0</ArcGISFormat><SyncOnce>FALSE</SyncOnce><DataProperties><lineage><Process ToolSource="c:\program files (x86)\arcgis\desktop10.2\ArcToolbox\Toolboxes\Data Management Tools.tbx\ChangePrivileges" Date="20181003" Time="164417">ChangePrivileges 'Database Connections\arwen_warehouse.sde\WAREHOUSE.WC2021HR_201809';'Database Connections\arwen_warehouse.sde\WAREHOUSE.WC2021LHN_201809' wh_browser GRANT #</Process><Process ToolSource="c:\program files (x86)\arcgis\desktop10.5\ArcToolbox\Toolboxes\Conversion Tools.tbx\FeatureClassToFeatureClass" Date="20181015" Time="160530">FeatureClassToFeatureClass "Database Connections\GEOHELPconnection.sde\GEOHELPT.HealthRegionsTEST\GEOHELPT.WC2021HR_201809" C:\WORK\BOUNDARY_FILE_TOOLS_Final\HR2018_test\WORK.gdb\HR2018_DBF HR2018_DBF # "HR_UID "HR_UID" true true false 4 Text 0 0 ,First,#,Database Connections\GEOHELPconnection.sde\GEOHELPT.HealthRegionsTEST\GEOHELPT.WC2021HR_201809,HR_UID,-1,-1;GEOCODE "GEOCODE" true true false 4 Text 0 0 ,First,#,Database Connections\GEOHELPconnection.sde\GEOHELPT.HealthRegionsTEST\GEOHELPT.WC2021HR_201809,GEOCODE,-1,-1;OFFNAME "OFFNAME" true true false 140 Text 0 0 ,First,#,Database Connections\GEOHELPconnection.sde\GEOHELPT.HealthRegionsTEST\GEOHELPT.WC2021HR_201809,OFFNAME,-1,-1;ENGNAME "ENGNAME" true true false 100 Text 0 0 ,First,#,Database Connections\GEOHELPconnection.sde\GEOHELPT.HealthRegionsTEST\GEOHELPT.WC2021HR_201809,ENGNAME,-1,-1;FRENAME "FRENAME" true true false 100 Text 0 0 ,First,#,Database Connections\GEOHELPconnection.sde\GEOHELPT.HealthRegionsTEST\GEOHELPT.WC2021HR_201809,FRENAME,-1,-1;PEER_GROUP "PEER_GROUP" true true false 1 Text 0 0 ,First,#,Database Connections\GEOHELPconnection.sde\GEOHELPT.HealthRegionsTEST\GEOHELPT.WC2021HR_201809,PEER_GROUP,-1,-1;SHAPE_AREA "SHAPE_AREA" false false true 0 Double 0 0 ,First,#,Database Connections\GEOHELPconnection.sde\GEOHELPT.HealthRegionsTEST\GEOHELPT.WC2021HR_201809,SHAPE.AREA,-1,-1;SHAPE_LEN "SHAPE_LEN" false false true 0 Double 0 0 ,First,#,Database Connections\GEOHELPconnection.sde\GEOHELPT.HealthRegionsTEST\GEOHELPT.WC2021HR_201809,SHAPE.LEN,-1,-1" #</Process><Process Name="Feature Class to Feature Class" ToolSource="c:\program files (x86)\arcgis\desktop10.5\ArcToolbox\Toolboxes\Conversion Tools.tbx\FeatureClassToFeatureClass" Date="20181025" Time="162031">FeatureClassToFeatureClass "Database Connections\GEOHELPconnection.sde\GEOHELPT.HR2018_DBF" C:\WORK\BOUNDARY_FILE_TOOLS_Final\HR2018_test\BoundaryFiles\ENG\DBF\SHP\CAN\HR_000a18a_e HR_000a18a_e.shp # "HR_UID "HR_UID" true true false 4 Text 0 0 ,First,#,Database Connections\GEOHELPconnection.sde\GEOHELPT.HR2018_DBF,HR_UID,-1,-1;ENGNAME "ENGNAME" true true false 100 Text 0 0 ,First,#,Database Connections\GEOHELPconnection.sde\GEOHELPT.HR2018_DBF,ENGNAME,-1,-1;FRENAME "FRENAME" true true false 100 Text 0 0 ,First,#,Database Connections\GEOHELPconnection.sde\GEOHELPT.HR2018_DBF,FRENAME,-1,-1;SHAPE_AREA "SHAPE_AREA" false false true 0 Double 0 0 ,First,#,Database Connections\GEOHELPconnection.sde\GEOHELPT.HR2018_DBF,SHAPE.AREA,-1,-1;SHAPE_LEN "SHAPE_LEN" false false true 0 Double 0 0 ,First,#,Database Connections\GEOHELPconnection.sde\GEOHELPT.HR2018_DBF,SHAPE.LEN,-1,-1" #</Process><Process Name="Select NU" ToolSource="c:\program files (x86)\arcgis\desktop10.5\ArcToolbox\Toolboxes\Analysis Tools.tbx\Select" Date="20181025" Time="162038">Select C:\WORK\BOUNDARY_FILE_TOOLS_Final\HR2018_test\BoundaryFiles\ENG\DBF\SHP\CAN\HR_000a18a_e\HR_000a18a_e.shp C:\WORK\BOUNDARY_FILE_TOOLS_Final\HR2018_test\BoundaryFiles\ENG\DBF\SHP\NU\HR_062a18a_e\HR_062a18a_e.shp ""HR_UID" LIKE '62%'"</Process></lineage><itemProps><itemName Sync="TRUE">HR_062a18a_e</itemName><imsContentType Sync="TRUE">002</imsContentType><itemLocation><linkage Sync="TRUE">file://\\C209916\C$\WORK\BOUNDARY_FILE_TOOLS_Final\HR2018_test\BoundaryFiles\ENG\DBF\SHP\NU\HR_062a18a_e\HR_062a18a_e.shp</linkage><protocol Sync="TRUE">Local Area Network</protocol></itemLocation><itemSize Sync="TRUE">0.000</itemSize></itemProps><coordRef><type Sync="TRUE">Projected</type><geogcsn Sync="TRUE">GCS_North_American_1983</geogcsn><csUnits Sync="TRUE">Linear Unit: Meter (1.000000)</csUnits><projcsn Sync="TRUE">PCS_Lambert_Conformal_Conic</projcsn><peXml Sync="TRUE">&lt;ProjectedCoordinateSystem xsi:type='typens:ProjectedCoordinateSystem' xmlns:xsi='http://www.w3.org/2001/XMLSchema-instance' xmlns:xs='http://www.w3.org/2001/XMLSchema' xmlns:typens='http://www.esri.com/schemas/ArcGIS/10.5'&gt;&lt;WKT&gt;PROJCS[&amp;quot;PCS_Lambert_Conformal_Conic&amp;quot;,GEOGCS[&amp;quot;GCS_North_American_1983&amp;quot;,DATUM[&amp;quot;D_North_American_1983&amp;quot;,SPHEROID[&amp;quot;GRS_1980&amp;quot;,6378137.0,298.257222101]],PRIMEM[&amp;quot;Greenwich&amp;quot;,0.0],UNIT[&amp;quot;Degree&amp;quot;,0.0174532925199433]],PROJECTION[&amp;quot;Lambert_Conformal_Conic&amp;quot;],PARAMETER[&amp;quot;False_Easting&amp;quot;,6200000.0],PARAMETER[&amp;quot;False_Northing&amp;quot;,3000000.0],PARAMETER[&amp;quot;Central_Meridian&amp;quot;,-91.86666666666666],PARAMETER[&amp;quot;Standard_Parallel_1&amp;quot;,49.0],PARAMETER[&amp;quot;Standard_Parallel_2&amp;quot;,77.0],PARAMETER[&amp;quot;Latitude_Of_Origin&amp;quot;,63.390675],UNIT[&amp;quot;Meter&amp;quot;,1.0]]&lt;/WKT&gt;&lt;XOrigin&gt;-28455800&lt;/XOrigin&gt;&lt;YOrigin&gt;-28572600&lt;/YOrigin&gt;&lt;XYScale&gt;129952262.74881823&lt;/XYScale&gt;&lt;ZOrigin&gt;-100000&lt;/ZOrigin&gt;&lt;ZScale&gt;10000&lt;/ZScale&gt;&lt;MOrigin&gt;-100000&lt;/MOrigin&gt;&lt;MScale&gt;10000&lt;/MScale&gt;&lt;XYTolerance&gt;0.001&lt;/XYTolerance&gt;&lt;ZTolerance&gt;0.001&lt;/ZTolerance&gt;&lt;MTolerance&gt;0.001&lt;/MTolerance&gt;&lt;HighPrecision&gt;true&lt;/HighPrecision&gt;&lt;/ProjectedCoordinateSystem&gt;</peXml></coordRef></DataProperties><SyncDate>20181025</SyncDate><SyncTime>16203800</SyncTime><ModDate>20181025</ModDate><ModTime>16203800</ModTime></Esri><dataIdInfo><envirDesc Sync="TRUE">Microsoft Windows 7 Version 6.1 (Build 7601) Service Pack 1; Esri ArcGIS 10.5.1.7333</envirDesc><dataLang><languageCode value="eng" Sync="TRUE"></languageCode><countryCode value="CAN" Sync="TRUE"></countryCode></dataLang><idCitation><resTitle Sync="TRUE">HR_062a18a_e</resTitle><presForm><PresFormCd value="005" Sync="TRUE"></PresFormCd></presForm></idCitation><spatRpType><SpatRepTypCd value="001" Sync="TRUE"></SpatRepTypCd></spatRpType></dataIdInfo><mdLang><languageCode value="eng" Sync="TRUE"></languageCode><countryCode value="CAN" Sync="TRUE"></countryCode></mdLang><distInfo><distFormat><formatName Sync="TRUE">Shapefile</formatName></distFormat><distTranOps><transSize Sync="TRUE">0.000</transSize></distTranOps></distInfo><mdHrLv><ScopeCd value="005" Sync="TRUE"></ScopeCd></mdHrLv><mdHrLvName Sync="TRUE">dataset</mdHrLvName><refSysInfo><RefSystem><refSysID><identCode code="0" Sync="TRUE"></identCode></refSysID></RefSystem></refSysInfo><spatRepInfo><VectSpatRep><geometObjs Name="HR_062a18a_e"><geoObjTyp><GeoObjTypCd value="002" Sync="TRUE"></GeoObjTypCd></geoObjTyp><geoObjCnt Sync="TRUE">0</geoObjCnt></geometObjs><topLvl><TopoLevCd value="001" Sync="TRUE"></TopoLevCd></topLvl></VectSpatRep></spatRepInfo><spdoinfo><ptvctinf><esriterm Name="HR_062a18a_e"><efeatyp Sync="TRUE">Simple</efeatyp><efeageom code="4" Sync="TRUE"></efeageom><esritopo Sync="TRUE">FALSE</esritopo><efeacnt Sync="TRUE">0</efeacnt><spindex Sync="TRUE">FALSE</spindex><linrefer Sync="TRUE">FALSE</linrefer></esriterm></ptvctinf></spdoinfo><eainfo><detailed Name="HR_062a18a_e"><enttyp><enttypl Sync="TRUE">HR_062a18a_e</enttypl><enttypt Sync="TRUE">Feature Class</enttypt><enttypc Sync="TRUE">0</enttypc></enttyp><attr><attrlabl Sync="TRUE">FID</attrlabl><attalias Sync="TRUE">FID</attalias><attrtype Sync="TRUE">OID</attrtype><attwidth Sync="TRUE">4</attwidth><atprecis Sync="TRUE">0</atprecis><attscale Sync="TRUE">0</attscale><attrdef Sync="TRUE">Internal feature number.</attrdef><attrdefs Sync="TRUE">Esri</attrdefs><attrdomv><udom Sync="TRUE">Sequential unique whole numbers that are automatically generated.</udom></attrdomv></attr><attr><attrlabl Sync="TRUE">HR_UID</attrlabl><attalias Sync="TRUE">HR_UID</attalias><attrtype Sync="TRUE">String</attrtype><attwidth Sync="TRUE">4</attwidth><atprecis Sync="TRUE">0</atprecis><attscale Sync="TRUE">0</attscale></attr><attr><attrlabl Sync="TRUE">ENGNAME</attrlabl><attalias Sync="TRUE">ENGNAME</attalias><attrtype Sync="TRUE">String</attrtype><attwidth Sync="TRUE">100</attwidth><atprecis Sync="TRUE">0</atprecis><attscale Sync="TRUE">0</attscale></attr><attr><attrlabl Sync="TRUE">FRENAME</attrlabl><attalias Sync="TRUE">FRENAME</attalias><attrtype Sync="TRUE">String</attrtype><attwidth Sync="TRUE">100</attwidth><atprecis Sync="TRUE">0</atprecis><attscale Sync="TRUE">0</attscale></attr><attr><attrlabl Sync="TRUE">SHAPE</attrlabl><attalias Sync="TRUE">Shape</attalias><attrtype Sync="TRUE">Geometry</attrtype><attwidth Sync="TRUE">0</attwidth><atprecis Sync="TRUE">0</atprecis><attscale Sync="TRUE">0</attscale><attrdef Sync="TRUE">Feature geometry.</attrdef><attrdefs Sync="TRUE">Esri</attrdefs><attrdomv><udom Sync="TRUE">Coordinates defining the features.</udom></attrdomv></attr><attr><attrlabl Sync="TRUE">SHAPE_AREA</attrlabl><attalias Sync="TRUE">SHAPE_AREA</attalias><attrtype Sync="TRUE">Double</attrtype><attwidth Sync="TRUE">19</attwidth><atprecis Sync="TRUE">0</atprecis><attscale Sync="TRUE">0</attscale><attrdef Sync="TRUE">Area of feature in internal units squared.</attrdef><attrdefs Sync="TRUE">Esri</attrdefs><attrdomv><udom Sync="TRUE">Positive real numbers that are automatically generated.</udom></attrdomv></attr><attr><attrlabl Sync="TRUE">SHAPE_LEN</attrlabl><attalias Sync="TRUE">SHAPE_LEN</attalias><attrtype Sync="TRUE">Double</attrtype><attwidth Sync="TRUE">19</attwidth><atprecis Sync="TRUE">0</atprecis><attscale Sync="TRUE">0</attscale></attr></detailed></eainfo><mdDateSt Sync="TRUE">20181025</mdDateSt></metadata>
